Workbook

Sheet Funnel_Data
A1: CUSTOMER JOURNEY & FUNNEL ANALYSIS — Raw Data
A2: Record_ID | B2: Month | C2: Channel | D2: Stage | E2: Users | F2: Prev_Stage_Users | G2: Conversion_Rate | H2: Revenue_INR | I2: Revenue_per_User_INR | J2: Drop_Off_Rate
A3: R0001 | B3: Jan 2024 | C3: Organic Search | D3: Website Visit | E3: 9618
A4: R0002 | B4: Jan 2024 | C4: Organic Search | D4: Landing Page | E4: 5447 | F4: 9618 | G4: 0.56633396 | J4: 0.43366604
A5: R0003 | B5: Jan 2024 | C5: Organic Search | D5: Signup | E5: 1501 | F5: 5447 | G5: 0.27556453 | J5: 0.72443547
A6: R0004 | B6: Jan 2024 | C6: Organic Search | D6: Product View | E6: 868 | F6: 1501 | G6: 0.57828115 | J6: 0.42171885
A7: R0005 | B7: Jan 2024 | C7: Organic Search | D7: Add to Cart | E7: 342 | F7: 868 | G7: 0.39400922 | J7: 0.60599078
A8: R0006 | B8: Jan 2024 | C8: Organic Search | D8: Checkout | E8: 219 | F8: 342 | G8: 0.64035088 | J8: 0.35964912
A9: R0007 | B9: Jan 2024 | C9: Organic Search | D9: Purchase | E9: 154 | F9: 219 | G9: 0.70319635 | H9: 565026 | I9: 3669 | J9: 0.29680365
A10: R0008 | B10: Jan 2024 | C10: Paid Ads | D10: Website Visit | E10: 11824
A11: R0009 | B11: Jan 2024 | C11: Paid Ads | D11: Landing Page | E11: 6744 | F11: 11824 | G11: 0.57036536 | J11: 0.42963464
A12: R0010 | B12: Jan 2024 | C12: Paid Ads | D12: Signup | E12: 1840 | F12: 6744 | G12: 0.27283511 | J12: 0.72716489
A13: R0011 | B13: Jan 2024 | C13: Paid Ads | D13: Product View | E13: 1275 | F13: 1840 | G13: 0.69293478 | J13: 0.30706522
A14: R0012 | B14: Jan 2024 | C14: Paid Ads | D14: Add to Cart | E14: 588 | F14: 1275 | G14: 0.46117647 | J14: 0.53882353
A15: R0013 | B15: Jan 2024 | C15: Paid Ads | D15: Checkout | E15: 383 | F15: 588 | G15: 0.65136054 | J15: 0.34863946
A16: R0014 | B16: Jan 2024 | C16: Paid Ads | D16: Purchase | E16: 291 | F16: 383 | G16: 0.75979112 | H16: 1212888 | I16: 4168 | J16: 0.24020888
A17: R0015 | B17: Jan 2024 | C17: Social Media | D17: Website Visit | E17: 9358
A18: R0016 | B18: Jan 2024 | C18: Social Media | D18: Landing Page | E18: 4703 | F18: 9358 | G18: 0.50256465 | J18: 0.49743535
A19: R0017 | B19: Jan 2024 | C19: Social Media | D19: Signup | E19: 1394 | F19: 4703 | G19: 0.29640655 | J19: 0.70359345
A20: R0018 | B20: Jan 2024 | C20: Social Media | D20: Product View | E20: 818 | F20: 1394 | G20: 0.58680057 | J20: 0.41319943
A21: R0019 | B21: Jan 2024 | C21: Social Media | D21: Add to Cart | E21: 375 | F21: 818 | G21: 0.45843521 | J21: 0.54156479
A22: R0020 | B22: Jan 2024 | C22: Social Media | D22: Checkout | E22: 196 | F22: 375 | G22: 0.52266667 | J22: 0.47733333
A23: R0021 | B23: Jan 2024 | C23: Social Media | D23: Purchase | E23: 146 | F23: 196 | G23: 0.74489796 | H23: 521804 | I23: 3574 | J23: 0.25510204
A24: R0022 | B24: Jan 2024 | C24: Email Campaign | D24: Website Visit | E24: 4438
A25: R0023 | B25: Jan 2024 | C25: Email Campaign | D25: Landing Page | E25: 2369 | F25: 4438 | G25: 0.53379901 | J25: 0.46620099
A26: R0024 | B26: Jan 2024 | C26: Email Campaign | D26: Signup | E26: 661 | F26: 2369 | G26: 0.27902068 | J26: 0.72097932
A27: R0025 | B27: Jan 2024 | C27: Email Campaign | D27: Product View | E27: 366 | F27: 661 | G27: 0.55370651 | J27: 0.44629349
A28: R0026 | B28: Jan 2024 | C28: Email Campaign | D28: Add to Cart | E28: 150 | F28: 366 | G28: 0.40983607 | J28: 0.59016393
A29: R0027 | B29: Jan 2024 | C29: Email Campaign | D29: Checkout | E29: 103 | F29: 150 | G29: 0.68666667 | J29: 0.31333333
A30: R0028 | B30: Jan 2024 | C30: Email Campaign | D30: Purchase | E30: 72 | F30: 103 | G30: 0.69902913 | H30: 193824 | I30: 2692 | J30: 0.30097087
A31: R0029 | B31: Jan 2024 | C31: Referral | D31: Website Visit | E31: 11497
A32: R0030 | B32: Jan 2024 | C32: Referral | D32: Landing Page | E32: 6523 | F32: 11497 | G32: 0.5673654 | J32: 0.4326346
A33: R0031 | B33: Jan 2024 | C33: Referral | D33: Signup | E33: 2236 | F33: 6523 | G33: 0.34278706 | J33: 0.65721294
A34: R0032 | B34: Jan 2024 | C34: Referral | D34: Product View | E34: 1391 | F34: 2236 | G34: 0.62209302 | J34: 0.37790698
A35: R0033 | B35: Jan 2024 | C35: Referral | D35: Add to Cart | E35: 572 | F35: 1391 | G35: 0.41121495 | J35: 0.58878505
A36: R0034 | B36: Jan 2024 | C36: Referral | D36: Checkout | E36: 386 | F36: 572 | G36: 0.67482517 | J36: 0.32517483
A37: R0035 | B37: Jan 2024 | C37: Referral | D37: Purchase | E37: 242 | F37: 386 | G37: 0.62694301 | H37: 978406 | I37: 4043 | J37: 0.37305699
A38: R0036 | B38: Jan 2024 | C38: Direct Traffic | D38: Website Visit | E38: 10237
A39: R0037 | B39: Jan 2024 | C39: Direct Traffic | D39: Landing Page | E39: 6445 | F39: 10237 | G39: 0.62957898 | J39: 0.37042102
A40: R0038 | B40: Jan 2024 | C40: Direct Traffic | D40: Signup | E40: 2190 | F40: 6445 | G40: 0.33979829 | J40: 0.66020171
A41: R0039 | B41: Jan 2024 | C41: Direct Traffic | D41: Product View | E41: 1491 | F41: 2190 | G41: 0.68082192 | J41: 0.31917808
A42: R0040 | B42: Jan 2024 | C42: Direct Traffic | D42: Add to Cart | E42: 577 | F42: 1491 | G42: 0.3869886 | J42: 0.6130114
A43: R0041 | B43: Jan 2024 | C43: Direct Traffic | D43: Checkout | E43: 296 | F43: 577 | G43: 0.51299827 | J43: 0.48700173
A44: R0042 | B44: Jan 2024 | C44: Direct Traffic | D44: Purchase | E44: 205 | F44: 296 | G44: 0.69256757 | H44: 852185 | I44: 4157 | J44: 0.30743243
A45: R0043 | B45: Feb 2024 | C45: Organic Search | D45: Website Visit | E45: 9865
A46: R0044 | B46: Feb 2024 | C46: Organic Search | D46: Landing Page | E46: 5304 | F46: 9865 | G46: 0.53765839 | J46: 0.46234161
A47: R0045 | B47: Feb 2024 | C47: Organic Search | D47: Signup | E47: 1393 | F47: 5304 | G47: 0.26263198 | J47: 0.73736802
A48: R0046 | B48: Feb 2024 | C48: Organic Search | D48: Product View | E48: 853 | F48: 1393 | G48: 0.61234745 | J48: 0.38765255
A49: R0047 | B49: Feb 2024 | C49: Organic Search | D49: Add to Cart | E49: 326 | F49: 853 | G49: 0.38218054 | J49: 0.61781946
A50: R0048 | B50: Feb 2024 | C50: Organic Search | D50: Checkout | E50: 185 | F50: 326 | G50: 0.56748466 | J50: 0.43251534
A51: R0049 | B51: Feb 2024 | C51: Organic Search | D51: Purchase | E51: 130 | F51: 185 | G51: 0.7027027 | H51: 210860 | I51: 1622 | J51: 0.2972973
A52: R0050 | B52: Feb 2024 | C52: Paid Ads | D52: Website Visit | E52: 3907
A53: R0051 | B53: Feb 2024 | C53: Paid Ads | D53: Landing Page | E53: 2112 | F53: 3907 | G53: 0.54056821 | J53: 0.45943179
A54: R0052 | B54: Feb 2024 | C54: Paid Ads | D54: Signup | E54: 642 | F54: 2112 | G54: 0.30397727 | J54: 0.69602273
A55: R0053 | B55: Feb 2024 | C55: Paid Ads | D55: Product View | E55: 458 | F55: 642 | G55: 0.71339564 | J55: 0.28660436
A56: R0054 | B56: Feb 2024 | C56: Paid Ads | D56: Add to Cart | E56: 182 | F56: 458 | G56: 0.39737991 | J56: 0.60262009
A57: R0055 | B57: Feb 2024 | C57: Paid Ads | D57: Checkout | E57: 123 | F57: 182 | G57: 0.67582418 | J57: 0.32417582
A58: R0056 | B58: Feb 2024 | C58: Paid Ads | D58: Purchase | E58: 85 | F58: 123 | G58: 0.69105691 | H58: 87380 | I58: 1028 | J58: 0.30894309
A59: R0057 | B59: Feb 2024 | C59: Social Media | D59: Website Visit | E59: 5145
A60: R0058 | B60: Feb 2024 | C60: Social Media | D60: Landing Page | E60: 3015 | F60: 5145 | G60: 0.58600583 | J60: 0.41399417
A61: R0059 | B61: Feb 2024 | C61: Social Media | D61: Signup | E61: 980 | F61: 3015 | G61: 0.32504146 | J61: 0.67495854
A62: R0060 | B62: Feb 2024 | C62: Social Media | D62: Product View | E62: 570 | F62: 980 | G62: 0.58163265 | J62: 0.41836735
A63: R0061 | B63: Feb 2024 | C63: Social Media | D63: Add to Cart | E63: 290 | F63: 570 | G63: 0.50877193 | J63: 0.49122807
A64: R0062 | B64: Feb 2024 | C64: Social Media | D64: Checkout | E64: 154 | F64: 290 | G64: 0.53103448 | J64: 0.46896552
A65: R0063 | B65: Feb 2024 | C65: Social Media | D65: Purchase | E65: 95 | F65: 154 | G65: 0.61688312 | H65: 191140 | I65: 2012 | J65: 0.38311688
A66: R0064 | B66: Feb 2024 | C66: Email Campaign | D66: Website Visit | E66: 5853
A67: R0065 | B67: Feb 2024 | C67: Email Campaign | D67: Landing Page | E67: 3132 | F67: 5853 | G67: 0.5351102 | J67: 0.4648898
A68: R0066 | B68: Feb 2024 | C68: Email Campaign | D68: Signup | E68: 1059 | F68: 3132 | G68: 0.33812261 | J68: 0.66187739
A69: R0067 | B69: Feb 2024 | C69: Email Campaign | D69: Product View | E69: 766 | F69: 1059 | G69: 0.72332389 | J69: 0.27667611
A70: R0068 | B70: Feb 2024 | C70: Email Campaign | D70: Add to Cart | E70: 325 | F70: 766 | G70: 0.42428198 | J70: 0.57571802
A71: R0069 | B71: Feb 2024 | C71: Email Campaign | D71: Checkout | E71: 194 | F71: 325 | G71: 0.59692308 | J71: 0.40307692
A72: R0070 | B72: Feb 2024 | C72: Email Campaign | D72: Purchase | E72: 124 | F72: 194 | G72: 0.63917526 | H72: 230020 | I72: 1855 | J72: 0.36082474
A73: R0071 | B73: Feb 2024 | C73: Referral | D73: Website Visit | E73: 4920
A74: R0072 | B74: Feb 2024 | C74: Referral | D74: Landing Page | E74: 2593 | F74: 4920 | G74: 0.52703252 | J74: 0.47296748
A75: R0073 | B75: Feb 2024 | C75: Referral | D75: Signup | E75: 819 | F75: 2593 | G75: 0.31585037 | J75: 0.68414963
A76: R0074 | B76: Feb 2024 | C76: Referral | D76: Product View | E76: 532 | F76: 819 | G76: 0.64957265 | J76: 0.35042735
A77: R0075 | B77: Feb 2024 | C77: Referral | D77: Add to Cart | E77: 204 | F77: 532 | G77: 0.38345865 | J77: 0.61654135
A78: R0076 | B78: Feb 2024 | C78: Referral | D78: Checkout | E78: 134 | F78: 204 | G78: 0.65686275 | J78: 0.34313725
A79: R0077 | B79: Feb 2024 | C79: Referral | D79: Purchase | E79: 89 | F79: 134 | G79: 0.6641791 | H79: 208616 | I79: 2344 | J79: 0.3358209
A80: R0078 | B80: Feb 2024 | C80: Direct Traffic | D80: Website Visit | E80: 9538
A81: R0079 | B81: Feb 2024 | C81: Direct Traffic | D81: Landing Page | E81: 5737 | F81: 9538 | G81: 0.60148878 | J81: 0.39851122
A82: R0080 | B82: Feb 2024 | C82: Direct Traffic | D82: Signup | E82: 1662 | F82: 5737 | G82: 0.28969845 | J82: 0.71030155
A83: R0081 | B83: Feb 2024 | C83: Direct Traffic | D83: Product View | E83: 1181 | F83: 1662 | G83: 0.71058965 | J83: 0.28941035
A84: R0082 | B84: Feb 2024 | C84: Direct Traffic | D84: Add to Cart | E84: 536 | F84: 1181 | G84: 0.45385267 | J84: 0.54614733
A85: R0083 | B85: Feb 2024 | C85: Direct Traffic | D85: Checkout | E85: 290 | F85: 536 | G85: 0.54104478 | J85: 0.45895522
A86: R0084 | B86: Feb 2024 | C86: Direct Traffic | D86: Purchase | E86: 174 | F86: 290 | G86: 0.6 | H86: 404898 | I86: 2327 | J86: 0.4
A87: R0085 | B87: Mar 2024 | C87: Organic Search | D87: Website Visit | E87: 14823
A88: R0086 | B88: Mar 2024 | C88: Organic Search | D88: Landing Page | E88: 8815 | F88: 14823 | G88: 0.59468394 | J88: 0.40531606
A89: R0087 | B89: Mar 2024 | C89: Organic Search | D89: Signup | E89: 2430 | F89: 8815 | G89: 0.27566648 | J89: 0.72433352
A90: R0088 | B90: Mar 2024 | C90: Organic Search | D90: Product View | E90: 1747 | F90: 2430 | G90: 0.71893004 | J90: 0.28106996
A91: R0089 | B91: Mar 2024 | C91: Organic Search | D91: Add to Cart | E91: 721 | F91: 1747 | G91: 0.4127075 | J91: 0.5872925
A92: R0090 | B92: Mar 2024 | C92: Organic Search | D92: Checkout | E92: 461 | F92: 721 | G92: 0.63938974 | J92: 0.36061026
A93: R0091 | B93: Mar 2024 | C93: Organic Search | D93: Purchase | E93: 284 | F93: 461 | G93: 0.61605206 | H93: 1027228 | I93: 3617 | J93: 0.38394794
A94: R0092 | B94: Mar 2024 | C94: Paid Ads | D94: Website Visit | E94: 14808
A95: R0093 | B95: Mar 2024 | C95: Paid Ads | D95: Landing Page | E95: 8789 | F95: 14808 | G95: 0.59353052 | J95: 0.40646948
A96: R0094 | B96: Mar 2024 | C96: Paid Ads | D96: Signup | E96: 2804 | F96: 8789 | G96: 0.31903516 | J96: 0.68096484
A97: R0095 | B97: Mar 2024 | C97: Paid Ads | D97: Product View | E97: 1938 | F97: 2804 | G97: 0.69115549 | J97: 0.30884451
A98: R0096 | B98: Mar 2024 | C98: Paid Ads | D98: Add to Cart | E98: 841 | F98: 1938 | G98: 0.43395253 | J98: 0.56604747
A99: R0097 | B99: Mar 2024 | C99: Paid Ads | D99: Checkout | E99: 495 | F99: 841 | G99: 0.58858502 | J99: 0.41141498
A100: R0098 | B100: Mar 2024 | C100: Paid Ads | D100: Purchase | E100: 394 | F100: 495 | G100: 0.7959596 | H100: 1739116 | I100: 4414 | J100: 0.2040404
...

Sheet Stage_Summary
A1: FUNNEL STAGE SUMMARY — All Channels Combined
A2: Funnel Stage | B2: Total Users | C2: Avg Conversion Rate | D2: Total Revenue (INR) | E2: Avg Revenue per User (INR) | F2: Avg Drop-Off Rate
A3: Website Visit | B3: =SUMIF(Funnel_Data!D3:D507,A3,Funnel_Data!E3:E507) -> 637580 | C3: =IFERROR(AVERAGEIF(Funnel_Data!D3:D507,A3,Funnel_Data!G3:G507),0) -> 0 | D3: =SUMIF(Funnel_Data!D3:D507,A3,Funnel_Data!H3:H507) -> 0 | E3: =IFERROR(AVERAGEIF(Funnel_Data!D3:D507,A3,Funnel_Data!I3:I507),0) -> 0 | F3: =IFERROR(AVERAGEIF(Funnel_Data!D3:D507,A3,Funnel_Data!J3:J507),0) -> 0
A4: Landing Page | B4: =SUMIF(Funnel_Data!D3:D507,A4,Funnel_Data!E3:E507) -> 348309 | C4: =IFERROR(AVERAGEIF(Funnel_Data!D3:D507,A4,Funnel_Data!G3:G507),0) -> 0.54435086 | D4: =SUMIF(Funnel_Data!D3:D507,A4,Funnel_Data!H3:H507) -> 0 | E4: =IFERROR(AVERAGEIF(Funnel_Data!D3:D507,A4,Funnel_Data!I3:I507),0) -> 0 | F4: =IFERROR(AVERAGEIF(Funnel_Data!D3:D507,A4,Funnel_Data!J3:J507),0) -> 0.45564914
A5: Signup | B5: =SUMIF(Funnel_Data!D3:D507,A5,Funnel_Data!E3:E507) -> 102994 | C5: =IFERROR(AVERAGEIF(Funnel_Data!D3:D507,A5,Funnel_Data!G3:G507),0) -> 0.29606897 | D5: =SUMIF(Funnel_Data!D3:D507,A5,Funnel_Data!H3:H507) -> 0 | E5: =IFERROR(AVERAGEIF(Funnel_Data!D3:D507,A5,Funnel_Data!I3:I507),0) -> 0 | F5: =IFERROR(AVERAGEIF(Funnel_Data!D3:D507,A5,Funnel_Data!J3:J507),0) -> 0.70393103
A6: Product View | B6: =SUMIF(Funnel_Data!D3:D507,A6,Funnel_Data!E3:E507) -> 66429 | C6: =IFERROR(AVERAGEIF(Funnel_Data!D3:D507,A6,Funnel_Data!G3:G507),0) -> 0.6472414 | D6: =SUMIF(Funnel_Data!D3:D507,A6,Funnel_Data!H3:H507) -> 0 | E6: =IFERROR(AVERAGEIF(Funnel_Data!D3:D507,A6,Funnel_Data!I3:I507),0) -> 0 | F6: =IFERROR(AVERAGEIF(Funnel_Data!D3:D507,A6,Funnel_Data!J3:J507),0) -> 0.3527586
A7: Add to Cart | B7: =SUMIF(Funnel_Data!D3:D507,A7,Funnel_Data!E3:E507) -> 29069 | C7: =IFERROR(AVERAGEIF(Funnel_Data!D3:D507,A7,Funnel_Data!G3:G507),0) -> 0.43904264 | D7: =SUMIF(Funnel_Data!D3:D507,A7,Funnel_Data!H3:H507) -> 0 | E7: =IFERROR(AVERAGEIF(Funnel_Data!D3:D507,A7,Funnel_Data!I3:I507),0) -> 0 | F7: =IFERROR(AVERAGEIF(Funnel_Data!D3:D507,A7,Funnel_Data!J3:J507),0) -> 0.56095736
A8: Checkout | B8: =SUMIF(Funnel_Data!D3:D507,A8,Funnel_Data!E3:E507) -> 17361 | C8: =IFERROR(AVERAGEIF(Funnel_Data!D3:D507,A8,Funnel_Data!G3:G507),0) -> 0.59963376 | D8: =SUMIF(Funnel_Data!D3:D507,A8,Funnel_Data!H3:H507) -> 0 | E8: =IFERROR(AVERAGEIF(Funnel_Data!D3:D507,A8,Funnel_Data!I3:I507),0) -> 0 | F8: =IFERROR(AVERAGEIF(Funnel_Data!D3:D507,A8,Funnel_Data!J3:J507),0) -> 0.40036624
A9: Purchase | B9: =SUMIF(Funnel_Data!D3:D507,A9,Funnel_Data!E3:E507) -> 12084 | C9: =IFERROR(AVERAGEIF(Funnel_Data!D3:D507,A9,Funnel_Data!G3:G507),0) -> 0.69356603 | D9: =SUMIF(Funnel_Data!D3:D507,A9,Funnel_Data!H3:H507) -> 32478487 | E9: =IFERROR(AVERAGEIF(Funnel_Data!D3:D507,A9,Funnel_Data!I3:I507),0) -> 2593.5972 | F9: =IFERROR(AVERAGEIF(Funnel_Data!D3:D507,A9,Funnel_Data!J3:J507),0) -> 0.30643397

Sheet Channel_Performance
A1: CHANNEL PERFORMANCE SUMMARY
A2: Channel | B2: Total Website Visits | C2: Total Purchases | D2: Overall Conversion Rate | E2: Total Revenue (INR) | F2: Avg Order Value (INR)
A3: Organic Search | B3: =SUMIFS(Funnel_Data!E3:E507,Funnel_Data!C3:C507,A3,Funnel_Data!D3:D507,"Website Visit") -> 91928 | C3: =SUMIFS(Funnel_Data!E3:E507,Funnel_Data!C3:C507,A3,Funnel_Data!D3:D507,"Purchase") -> 1740 | D3: =IF(B3>0,C3/B3,0) -> 0.018927857 | E3: =SUMIFS(Funnel_Data!H3:H507,Funnel_Data!C3:C507,A3) -> 4561344 | F3: =IF(C3>0,E3/C3,0) -> 2621.4621
A4: Paid Ads | B4: =SUMIFS(Funnel_Data!E3:E507,Funnel_Data!C3:C507,A4,Funnel_Data!D3:D507,"Website Visit") -> 126167 | C4: =SUMIFS(Funnel_Data!E3:E507,Funnel_Data!C3:C507,A4,Funnel_Data!D3:D507,"Purchase") -> 2477 | D4: =IF(B4>0,C4/B4,0) -> 0.019632709 | E4: =SUMIFS(Funnel_Data!H3:H507,Funnel_Data!C3:C507,A4) -> 8174205 | F4: =IF(C4>0,E4/C4,0) -> 3300.0424
A5: Social Media | B5: =SUMIFS(Funnel_Data!E3:E507,Funnel_Data!C3:C507,A5,Funnel_Data!D3:D507,"Website Visit") -> 113512 | C5: =SUMIFS(Funnel_Data!E3:E507,Funnel_Data!C3:C507,A5,Funnel_Data!D3:D507,"Purchase") -> 1986 | D5: =IF(B5>0,C5/B5,0) -> 0.017495948 | E5: =SUMIFS(Funnel_Data!H3:H507,Funnel_Data!C3:C507,A5) -> 3520472 | F5: =IF(C5>0,E5/C5,0) -> 1772.6445
A6: Email Campaign | B6: =SUMIFS(Funnel_Data!E3:E507,Funnel_Data!C3:C507,A6,Funnel_Data!D3:D507,"Website Visit") -> 94492 | C6: =SUMIFS(Funnel_Data!E3:E507,Funnel_Data!C3:C507,A6,Funnel_Data!D3:D507,"Purchase") -> 1834 | D6: =IF(B6>0,C6/B6,0) -> 0.019409051 | E6: =SUMIFS(Funnel_Data!H3:H507,Funnel_Data!C3:C507,A6) -> 4540909 | F6: =IF(C6>0,E6/C6,0) -> 2475.9591
A7: Referral | B7: =SUMIFS(Funnel_Data!E3:E507,Funnel_Data!C3:C507,A7,Funnel_Data!D3:D507,"Website Visit") -> 109333 | C7: =SUMIFS(Funnel_Data!E3:E507,Funnel_Data!C3:C507,A7,Funnel_Data!D3:D507,"Purchase") -> 2033 | D7: =IF(B7>0,C7/B7,0) -> 0.018594569 | E7: =SUMIFS(Funnel_Data!H3:H507,Funnel_Data!C3:C507,A7) -> 7020428 | F7: =IF(C7>0,E7/C7,0) -> 3453.2356
A8: Direct Traffic | B8: =SUMIFS(Funnel_Data!E3:E507,Funnel_Data!C3:C507,A8,Funnel_Data!D3:D507,"Website Visit") -> 102148 | C8: =SUMIFS(Funnel_Data!E3:E507,Funnel_Data!C3:C507,A8,Funnel_Data!D3:D507,"Purchase") -> 2014 | D8: =IF(B8>0,C8/B8,0) -> 0.01971649 | E8: =SUMIFS(Funnel_Data!H3:H507,Funnel_Data!C3:C507,A8) -> 4661129 | F8: =IF(C8>0,E8/C8,0) -> 2314.364
A9: TOTAL | B9: =SUM(B3:B8) -> 637580 | C9: =SUM(C3:C8) -> 12084 | D9: =IF(B9>0,C9/B9,0) -> 0.018952916 | E9: =SUM(E3:E8) -> 32478487 | F9: =IF(C9>0,E9/C9,0) -> 2687.7265

Sheet KPI_Dashboard
A1: CUSTOMER JOURNEY KPI DASHBOARD
A2: KPI Metric | B2: Value | C2: Formula Reference | D2: Business Insight
A3: Total Unique Visitors | B3: =SUMIFS(Funnel_Data!E3:E507,Funnel_Data!D3:D507,"Website Visit") -> 637580 | C3: =SUMIFS(Funnel_Data!E3:E507,Funnel_Data!D3:D507,"Website Visit") -> 637580 | D3: Total top-of-funnel traffic
A4: Total Signups | B4: =SUMIFS(Funnel_Data!E3:E507,Funnel_Data!D3:D507,"Signup") -> 102994 | C4: =SUMIFS(Funnel_Data!E3:E507,Funnel_Data!D3:D507,"Signup") -> 102994 | D4: Users who signed up
A5: Total Purchases | B5: =SUMIFS(Funnel_Data!E3:E507,Funnel_Data!D3:D507,"Purchase") -> 12084 | C5: =SUMIFS(Funnel_Data!E3:E507,Funnel_Data!D3:D507,"Purchase") -> 12084 | D5: Converted customers
A6: Overall Conv. Rate (Visit→Purchase) | B6: =IF(B3>0,B5/B3,0) -> 0.018952916 | C6: =IF(B3>0,B5/B3,0) -> 0.018952916 | D6: End-to-end conversion %
A7: Total Revenue (INR) | B7: =SUM(Funnel_Data!H3:H507) -> 32478487 | C7: =SUM(Funnel_Data!H3:H507) -> 32478487 | D7: Total funnel revenue
A8: Avg Order Value (INR) | B8: =IF(B5>0,B7/B5,0) -> 2687.7265 | C8: =IF(B5>0,B7/B5,0) -> 2687.7265 | D8: Revenue per purchase
A9: Avg Signup Conv. Rate | B9: =AVERAGEIFS(Funnel_Data!G3:G507,Funnel_Data!D3:D507,"Signup") -> 0.29606897 | C9: =AVERAGEIFS(Funnel_Data!G3:G507,Funnel_Data!D3:D507,"Signup") -> 0.29606897 | D9: Visit to Signup rate
A10: Avg Purchase Conv. Rate | B10: =AVERAGEIFS(Funnel_Data!G3:G507,Funnel_Data!D3:D507,"Purchase") -> 0.69356603 | C10: =AVERAGEIFS(Funnel_Data!G3:G507,Funnel_Data!D3:D507,"Purchase") -> 0.69356603 | D10: Checkout to Purchase rate
A11: Best Performing Channel | B11: =INDEX(Channel_Performance!A3:A9,MATCH(MAX(Channel_Performance!E3:E9),Channel_Performance!E3:E9,0)) -> TOTAL | C11: =INDEX(Channel_Performance!A3:A9,MATCH(MAX(Channel_Performance!E3:E9),Channel_Performance!E3:E9,0)) -> TOTAL | D11: Channel generating most revenue
A12: Total Active Months | B12: =12 -> 12 | C12: =12 -> 12 | D12: Months of data covered
